part,pitch_class,mean_chroma
original_mix,C,0.6509665846824646
original_mix,C#,0.5402601361274719
original_mix,D,0.59001624584198
original_mix,D#,0.6053246855735779
original_mix,E,0.5671092867851257
original_mix,F,0.569579541683197
original_mix,F#,0.5999831557273865
original_mix,G,0.637744128704071
original_mix,G#,0.575223445892334
original_mix,A,0.560884416103363
original_mix,A#,0.6768574714660645
original_mix,B,0.5255075097084045
vocals,C,0.34591326117515564
vocals,C#,0.26468926668167114
vocals,D,0.3528643250465393
vocals,D#,0.35756969451904297
vocals,E,0.31528639793395996
vocals,F,0.4563896059989929
vocals,F#,0.4202383756637573
vocals,G,0.6057865619659424
vocals,G#,0.4188370406627655
vocals,A,0.35841473937034607
vocals,A#,0.5320550203323364
vocals,B,0.4099917411804199
no_vocals,C,0.7508648037910461
no_vocals,C#,0.6371955871582031
no_vocals,D,0.659284234046936
no_vocals,D#,0.6779699921607971
no_vocals,E,0.6655572056770325
no_vocals,F,0.5771280527114868
no_vocals,F#,0.641009509563446
no_vocals,G,0.5199916362762451
no_vocals,G#,0.6066853404045105
no_vocals,A,0.5954011082649231
no_vocals,A#,0.6063074469566345
no_vocals,B,0.5070221424102783
