start_seconds,end_seconds,dominant_pitch_class,mean_chroma
0.0,5.0,C,0.6018955707550049
5.0,10.0,A#,0.6368036866188049
10.0,15.0,A#,0.5736050009727478
15.0,20.0,A,0.6224574446678162
20.0,25.0,D#,0.7290543913841248
25.0,30.0,D#,0.7375214695930481
30.0,35.0,D#,0.7162761092185974
35.0,40.0,D#,0.5851478576660156
40.0,45.0,A#,0.5926125645637512
45.0,50.0,F#,0.5714302659034729
50.0,55.0,G,0.7679793238639832
55.0,60.0,D,0.7608613967895508
60.0,65.0,D,0.6156318187713623
65.0,70.0,B,0.6271644234657288
70.0,75.0,D,0.7100281715393066
75.0,80.0,D,0.7843139171600342
80.0,85.0,D,0.6702229976654053
85.0,90.0,G,0.7146013975143433
90.0,95.0,A#,0.6046299338340759
95.0,100.0,G,0.7567206621170044
100.0,105.0,G,0.6352363228797913
105.0,110.0,A#,0.7054454684257507
110.0,115.0,G#,0.6647139191627502
115.0,120.0,G#,0.7423850893974304
120.0,125.0,G#,0.5774648189544678
125.0,130.0,B,0.5736899375915527
130.0,135.0,G#,0.786400318145752
135.0,140.0,D#,0.585491955280304
140.0,145.0,G#,0.6854520440101624
145.0,150.0,G,0.7783163785934448
150.0,155.0,C,0.802959680557251
155.0,160.0,D#,0.628611147403717
160.0,165.0,A,0.6609499454498291
165.0,170.0,A#,0.6118916273117065
170.0,175.0,G#,0.6557479500770569
175.0,180.0,A,0.6163603067398071
180.0,185.0,D,0.6578003168106079
185.0,190.0,A,0.5687838196754456
190.0,195.0,C#,0.574554443359375
195.0,200.0,A,0.6620860695838928
200.0,205.0,D#,0.6220726370811462
205.0,210.0,C,0.5796986818313599
210.0,215.0,B,0.6022965312004089
215.0,220.0,C,0.6353955864906311
220.0,225.0,A#,0.5716291666030884
225.0,230.0,G,0.7454102039337158
230.0,235.0,F#,0.6091498732566833
235.0,240.0,A#,0.5986295938491821
240.0,245.0,A#,0.6090399622917175
245.0,250.0,B,0.6245135068893433
250.0,255.0,C,0.6336759924888611
255.0,260.0,A,0.6493266820907593
260.0,265.0,G#,0.6336272358894348
265.0,270.0,A#,0.6323988437652588
270.0,275.0,G#,0.6290650367736816
275.0,280.0,A,0.5941191911697388
280.0,285.0,C,0.7090564966201782
285.0,290.0,G#,0.5452521443367004
290.0,295.0,A#,0.6012211441993713
295.0,300.0,F#,0.5613411068916321
300.0,305.0,D#,0.5958975553512573
305.0,310.0,F,0.5778352618217468
310.0,315.0,A,0.6472161412239075
315.0,320.0,G#,0.6129084825515747
320.0,325.0,D,0.6212669014930725
325.0,330.0,F#,0.6028153300285339
330.0,335.0,D,0.5809396505355835
335.0,340.0,G#,0.6736878156661987
340.0,345.0,A,0.5803503394126892
345.0,350.0,G,0.6565428376197815
350.0,355.0,D,0.6142500638961792
355.0,360.0,G#,0.667756974697113
360.0,365.0,G#,0.6138481497764587
365.0,370.0,B,0.6453405022621155
370.0,375.0,C#,0.6420933604240417
375.0,380.0,A#,0.6191155910491943
380.0,385.0,A#,0.5443590879440308
385.0,390.0,G#,0.6448433995246887
390.0,395.0,A#,0.563292920589447
395.0,399.56757369614513,C#,0.6376501321792603
