original_frame,candidate_frame,original_time_seconds,candidate_time_seconds
0,0,0.0,0.0
1,1,0.09287981859410431,0.09287981859410431
2,2,0.18575963718820862,0.18575963718820862
3,3,0.2786394557823129,0.2786394557823129
4,4,0.37151927437641724,0.37151927437641724
5,5,0.46439909297052157,0.46439909297052157
6,6,0.5572789115646258,0.5572789115646258
7,7,0.6501587301587302,0.6501587301587302
8,8,0.7430385487528345,0.7430385487528345
9,9,0.8359183673469388,0.8359183673469388
10,10,0.9287981859410431,0.9287981859410431
11,11,1.0216780045351475,1.0216780045351475
12,12,1.1145578231292517,1.1145578231292517
13,13,1.207437641723356,1.207437641723356
14,14,1.3003174603174603,1.3003174603174603
15,15,1.3931972789115645,1.3931972789115645
16,16,1.486077097505669,1.486077097505669
17,17,1.5789569160997732,1.5789569160997732
18,18,1.6718367346938776,1.6718367346938776
19,19,1.7647165532879818,1.7647165532879818
20,20,1.8575963718820863,1.8575963718820863
21,21,1.9504761904761905,1.9504761904761905
22,22,2.043356009070295,2.043356009070295
23,23,2.136235827664399,2.136235827664399
24,24,2.2291156462585033,2.2291156462585033
25,25,2.3219954648526078,2.3219954648526078
26,26,2.414875283446712,2.414875283446712
27,27,2.507755102040816,2.507755102040816
28,28,2.6006349206349206,2.6006349206349206
29,29,2.693514739229025,2.693514739229025
30,30,2.786394557823129,2.786394557823129
31,31,2.8792743764172335,2.8792743764172335
32,32,2.972154195011338,2.972154195011338
33,33,3.0650340136054424,3.0650340136054424
34,34,3.1579138321995464,3.1579138321995464
35,35,3.250793650793651,3.250793650793651
36,36,3.3436734693877552,3.3436734693877552
37,37,3.436553287981859,3.436553287981859
38,38,3.5294331065759637,3.5294331065759637
39,39,3.622312925170068,3.622312925170068
40,40,3.7151927437641725,3.7151927437641725
41,41,3.8080725623582765,3.8080725623582765
42,42,3.900952380952381,3.900952380952381
43,43,3.9938321995464854,3.9938321995464854
44,44,4.08671201814059,4.08671201814059
45,45,4.179591836734694,4.179591836734694
46,46,4.272471655328798,4.272471655328798
47,47,4.365351473922902,4.365351473922902
48,48,4.458231292517007,4.458231292517007
49,49,4.551111111111111,4.551111111111111
50,50,4.6439909297052155,4.6439909297052155
51,51,4.73687074829932,4.73687074829932
52,52,4.829750566893424,4.829750566893424
53,53,4.922630385487528,4.922630385487528
54,54,5.015510204081632,5.015510204081632
55,55,5.108390022675737,5.108390022675737
56,56,5.201269841269841,5.201269841269841
57,57,5.294149659863946,5.294149659863946
58,58,5.38702947845805,5.38702947845805
59,59,5.479909297052155,5.479909297052155
60,60,5.572789115646258,5.572789115646258
61,61,5.6656689342403626,5.6656689342403626
62,62,5.758548752834467,5.758548752834467
63,63,5.851428571428571,5.851428571428571
64,64,5.944308390022676,5.944308390022676
65,65,6.03718820861678,6.03718820861678
66,66,6.130068027210885,6.130068027210885
67,67,6.222947845804988,6.222947845804988
68,68,6.315827664399093,6.315827664399093
69,69,6.408707482993197,6.408707482993197
70,70,6.501587301587302,6.501587301587302
71,71,6.594467120181406,6.594467120181406
72,72,6.6873469387755105,6.6873469387755105
73,73,6.780226757369615,6.780226757369615
74,74,6.873106575963718,6.873106575963718
75,75,6.965986394557823,6.965986394557823
76,76,7.058866213151927,7.058866213151927
77,77,7.151746031746032,7.151746031746032
78,78,7.244625850340136,7.244625850340136
79,79,7.337505668934241,7.337505668934241
80,80,7.430385487528345,7.430385487528345
81,81,7.523265306122449,7.523265306122449
82,82,7.616145124716553,7.616145124716553
83,83,7.7090249433106575,7.7090249433106575
84,84,7.801904761904762,7.801904761904762
85,85,7.894784580498866,7.894784580498866
86,86,7.987664399092971,7.987664399092971
86,87,7.987664399092971,8.080544217687075
87,88,8.080544217687075,8.17342403628118
88,88,8.17342403628118,8.17342403628118
89,89,8.266303854875284,8.266303854875284
90,90,8.359183673469389,8.359183673469389
91,91,8.452063492063493,8.452063492063493
92,92,8.544943310657596,8.544943310657596
93,93,8.6378231292517,8.6378231292517
94,94,8.730702947845804,8.730702947845804
95,94,8.823582766439909,8.730702947845804
96,95,8.916462585034013,8.823582766439909
97,96,9.009342403628118,8.916462585034013
97,97,9.009342403628118,9.009342403628118
98,98,9.102222222222222,9.102222222222222
99,99,9.195102040816327,9.195102040816327
100,100,9.287981859410431,9.287981859410431
101,101,9.380861678004536,9.380861678004536
102,102,9.47374149659864,9.47374149659864
103,103,9.566621315192744,9.566621315192744
104,104,9.659501133786849,9.659501133786849
105,105,9.752380952380953,9.752380952380953
106,106,9.845260770975056,9.845260770975056
107,107,9.93814058956916,9.93814058956916
108,108,10.031020408163265,10.031020408163265
109,109,10.12390022675737,10.12390022675737
110,110,10.216780045351474,10.216780045351474
111,111,10.309659863945578,10.309659863945578
112,112,10.402539682539683,10.402539682539683
113,113,10.495419501133787,10.495419501133787
114,114,10.588299319727891,10.588299319727891
115,115,10.681179138321996,10.681179138321996
116,116,10.7740589569161,10.7740589569161
117,117,10.866938775510205,10.866938775510205
118,118,10.95981859410431,10.95981859410431
119,119,11.052698412698414,11.052698412698414
120,120,11.145578231292516,11.145578231292516
121,121,11.23845804988662,11.23845804988662
122,122,11.331337868480725,11.331337868480725
123,123,11.42421768707483,11.42421768707483
124,124,11.517097505668934,11.517097505668934
125,125,11.609977324263038,11.609977324263038
126,126,11.702857142857143,11.702857142857143
127,127,11.795736961451247,11.795736961451247
128,128,11.888616780045352,11.888616780045352
129,129,11.981496598639456,11.981496598639456
130,130,12.07437641723356,12.07437641723356
131,131,12.167256235827665,12.167256235827665
132,132,12.26013605442177,12.26013605442177
133,133,12.353015873015874,12.353015873015874
134,134,12.445895691609977,12.445895691609977
135,135,12.538775510204081,12.538775510204081
136,136,12.631655328798185,12.631655328798185
137,137,12.72453514739229,12.72453514739229
138,138,12.817414965986394,12.817414965986394
139,139,12.910294784580499,12.910294784580499
140,140,13.003174603174603,13.003174603174603
141,141,13.096054421768708,13.096054421768708
142,142,13.188934240362812,13.188934240362812
143,143,13.281814058956916,13.281814058956916
144,144,13.374693877551021,13.374693877551021
145,145,13.467573696145125,13.467573696145125
146,146,13.56045351473923,13.56045351473923
147,146,13.653333333333334,13.56045351473923
148,146,13.746213151927437,13.56045351473923
149,146,13.839092970521541,13.56045351473923
150,146,13.931972789115646,13.56045351473923
151,147,14.02485260770975,13.653333333333334
151,148,14.02485260770975,13.746213151927437
151,149,14.02485260770975,13.839092970521541
151,150,14.02485260770975,13.931972789115646
151,151,14.02485260770975,14.02485260770975
152,152,14.117732426303855,14.117732426303855
153,153,14.210612244897959,14.210612244897959
154,154,14.303492063492063,14.303492063492063
155,155,14.396371882086168,14.396371882086168
156,156,14.489251700680272,14.489251700680272
157,157,14.582131519274377,14.582131519274377
158,158,14.675011337868481,14.675011337868481
159,159,14.767891156462586,14.767891156462586
160,160,14.86077097505669,14.86077097505669
161,161,14.953650793650795,14.953650793650795
162,162,15.046530612244897,15.046530612244897
163,163,15.139410430839002,15.139410430839002
164,164,15.232290249433106,15.232290249433106
165,165,15.32517006802721,15.32517006802721
166,166,15.418049886621315,15.418049886621315
167,167,15.51092970521542,15.51092970521542
168,168,15.603809523809524,15.603809523809524
169,169,15.696689342403628,15.696689342403628
170,170,15.789569160997733,15.789569160997733
171,171,15.882448979591837,15.882448979591837
172,172,15.975328798185942,15.975328798185942
173,173,16.068208616780044,16.068208616780044
174,174,16.16108843537415,16.16108843537415
175,175,16.253968253968253,16.253968253968253
176,176,16.34684807256236,16.34684807256236
177,177,16.439727891156462,16.439727891156462
178,178,16.532607709750568,16.532607709750568
179,179,16.62548752834467,16.62548752834467
179,180,16.62548752834467,16.718367346938777
179,181,16.62548752834467,16.81124716553288
180,182,16.718367346938777,16.904126984126986
181,182,16.81124716553288,16.904126984126986
182,182,16.904126984126986,16.904126984126986
183,183,16.99700680272109,16.99700680272109
184,184,17.08988662131519,17.08988662131519
185,185,17.182766439909297,17.182766439909297
186,186,17.2756462585034,17.2756462585034
187,187,17.368526077097506,17.368526077097506
188,188,17.46140589569161,17.46140589569161
189,189,17.554285714285715,17.554285714285715
190,190,17.647165532879818,17.647165532879818
191,191,17.740045351473924,17.740045351473924
192,192,17.832925170068027,17.832925170068027
193,193,17.925804988662133,17.925804988662133
194,194,18.018684807256236,18.018684807256236
195,195,18.11156462585034,18.11156462585034
196,196,18.204444444444444,18.204444444444444
197,197,18.297324263038547,18.297324263038547
198,198,18.390204081632653,18.390204081632653
199,199,18.483083900226756,18.483083900226756
200,200,18.575963718820862,18.575963718820862
201,201,18.668843537414965,18.668843537414965
202,202,18.76172335600907,18.76172335600907
203,203,18.854603174603174,18.854603174603174
204,204,18.94748299319728,18.94748299319728
205,205,19.040362811791383,19.040362811791383
206,206,19.13324263038549,19.13324263038549
207,207,19.22612244897959,19.22612244897959
208,208,19.319002267573698,19.319002267573698
209,209,19.4118820861678,19.4118820861678
210,210,19.504761904761907,19.504761904761907
211,211,19.59764172335601,19.59764172335601
212,212,19.690521541950112,19.690521541950112
213,213,19.783401360544218,19.783401360544218
214,214,19.87628117913832,19.87628117913832
215,215,19.969160997732427,19.969160997732427
216,216,20.06204081632653,20.06204081632653
217,217,20.154920634920636,20.154920634920636
218,218,20.24780045351474,20.24780045351474
219,219,20.340680272108845,20.340680272108845
220,220,20.433560090702947,20.433560090702947
221,221,20.526439909297054,20.526439909297054
222,222,20.619319727891156,20.619319727891156
223,223,20.712199546485262,20.712199546485262
224,224,20.805079365079365,20.805079365079365
225,225,20.897959183673468,20.897959183673468
226,226,20.990839002267574,20.990839002267574
227,227,21.083718820861677,21.083718820861677
228,228,21.176598639455783,21.176598639455783
229,229,21.269478458049885,21.269478458049885
230,230,21.36235827664399,21.36235827664399
231,231,21.455238095238094,21.455238095238094
232,232,21.5481179138322,21.5481179138322
233,233,21.640997732426303,21.640997732426303
234,234,21.73387755102041,21.73387755102041
235,235,21.826757369614512,21.826757369614512
236,236,21.91963718820862,21.91963718820862
237,237,22.01251700680272,22.01251700680272
238,238,22.105396825396827,22.105396825396827
239,239,22.19827664399093,22.19827664399093
240,240,22.291156462585032,22.291156462585032
241,241,22.38403628117914,22.38403628117914
242,242,22.47691609977324,22.47691609977324
243,243,22.569795918367348,22.569795918367348
244,244,22.66267573696145,22.66267573696145
245,245,22.755555555555556,22.755555555555556
246,246,22.84843537414966,22.84843537414966
247,247,22.941315192743765,22.941315192743765
248,248,23.034195011337868,23.034195011337868
249,249,23.127074829931974,23.127074829931974
250,250,23.219954648526077,23.219954648526077
251,251,23.312834467120183,23.312834467120183
252,252,23.405714285714286,23.405714285714286
253,253,23.49859410430839,23.49859410430839
254,254,23.591473922902495,23.591473922902495
255,255,23.684353741496597,23.684353741496597
256,256,23.777233560090703,23.777233560090703
257,257,23.870113378684806,23.870113378684806
258,258,23.962993197278912,23.962993197278912
259,259,24.055873015873015,24.055873015873015
260,260,24.14875283446712,24.14875283446712
261,261,24.241632653061224,24.241632653061224
262,262,24.33451247165533,24.33451247165533
263,263,24.427392290249433,24.427392290249433
264,264,24.52027210884354,24.52027210884354
265,265,24.61315192743764,24.61315192743764
266,266,24.706031746031748,24.706031746031748
267,267,24.79891156462585,24.79891156462585
268,268,24.891791383219953,24.891791383219953
269,269,24.98467120181406,24.98467120181406
270,270,25.077551020408162,25.077551020408162
271,271,25.170430839002268,25.170430839002268
272,272,25.26331065759637,25.26331065759637
273,273,25.356190476190477,25.356190476190477
274,274,25.44907029478458,25.44907029478458
275,275,25.541950113378686,25.541950113378686
276,276,25.63482993197279,25.63482993197279
277,277,25.727709750566895,25.727709750566895
278,278,25.820589569160997,25.820589569160997
279,279,25.913469387755104,25.913469387755104
280,280,26.006349206349206,26.006349206349206
281,281,26.09922902494331,26.09922902494331
282,282,26.192108843537415,26.192108843537415
283,283,26.284988662131518,26.284988662131518
284,284,26.377868480725624,26.377868480725624
285,285,26.470748299319727,26.470748299319727
285,286,26.470748299319727,26.563628117913833
286,287,26.563628117913833,26.656507936507936
287,287,26.656507936507936,26.656507936507936
288,288,26.749387755102042,26.749387755102042
289,289,26.842267573696144,26.842267573696144
290,290,26.93514739229025,26.93514739229025
291,291,27.028027210884353,27.028027210884353
292,292,27.12090702947846,27.12090702947846
293,293,27.213786848072562,27.213786848072562
294,294,27.30666666666667,27.30666666666667
295,295,27.39954648526077,27.39954648526077
296,296,27.492426303854874,27.492426303854874
297,297,27.58530612244898,27.58530612244898
298,298,27.678185941043083,27.678185941043083
299,299,27.77106575963719,27.77106575963719
300,300,27.86394557823129,27.86394557823129
301,301,27.956825396825398,27.956825396825398
302,302,28.0497052154195,28.0497052154195
303,303,28.142585034013607,28.142585034013607
304,304,28.23546485260771,28.23546485260771
305,305,28.328344671201815,28.328344671201815
306,306,28.421224489795918,28.421224489795918
307,307,28.514104308390024,28.514104308390024
308,308,28.606984126984127,28.606984126984127
309,309,28.69986394557823,28.69986394557823
310,310,28.792743764172336,28.792743764172336
311,311,28.88562358276644,28.88562358276644
312,312,28.978503401360545,28.978503401360545
313,313,29.071383219954647,29.071383219954647
314,314,29.164263038548754,29.164263038548754
315,315,29.257142857142856,29.257142857142856
316,316,29.350022675736962,29.350022675736962
317,317,29.442902494331065,29.442902494331065
318,318,29.53578231292517,29.53578231292517
319,319,29.628662131519274,29.628662131519274
320,320,29.72154195011338,29.72154195011338
321,321,29.814421768707483,29.814421768707483
322,322,29.90730158730159,29.90730158730159
323,323,30.00018140589569,30.00018140589569
324,324,30.093061224489794,30.093061224489794
325,325,30.1859410430839,30.1859410430839
326,326,30.278820861678003,30.278820861678003
327,327,30.37170068027211,30.37170068027211
328,328,30.464580498866212,30.464580498866212
329,329,30.55746031746032,30.55746031746032
330,330,30.65034013605442,30.65034013605442
331,331,30.743219954648527,30.743219954648527
332,332,30.83609977324263,30.83609977324263
333,333,30.928979591836736,30.928979591836736
334,334,31.02185941043084,31.02185941043084
335,335,31.114739229024945,31.114739229024945
336,336,31.207619047619048,31.207619047619048
337,337,31.30049886621315,31.30049886621315
338,338,31.393378684807256,31.393378684807256
339,339,31.48625850340136,31.48625850340136
340,340,31.579138321995465,31.579138321995465
340,341,31.579138321995465,31.672018140589568
341,342,31.672018140589568,31.764897959183674
342,342,31.764897959183674,31.764897959183674
343,343,31.857777777777777,31.857777777777777
344,344,31.950657596371883,31.950657596371883
345,345,32.04353741496599,32.04353741496599
346,346,32.13641723356009,32.13641723356009
347,347,32.229297052154195,32.229297052154195
348,348,32.3221768707483,32.3221768707483
349,349,32.41505668934241,32.41505668934241
349,350,32.41505668934241,32.507936507936506
350,351,32.507936507936506,32.60081632653061
351,352,32.60081632653061,32.69369614512472
352,352,32.69369614512472,32.69369614512472
353,353,32.78657596371882,32.78657596371882
354,354,32.879455782312924,32.879455782312924
355,355,32.97233560090703,32.97233560090703
356,356,33.065215419501136,33.065215419501136
357,357,33.158095238095235,33.158095238095235
358,358,33.25097505668934,33.25097505668934
359,359,33.34385487528345,33.34385487528345
360,360,33.436734693877554,33.436734693877554
361,361,33.52961451247165,33.52961451247165
362,362,33.62249433106576,33.62249433106576
363,363,33.715374149659866,33.715374149659866
364,364,33.80825396825397,33.80825396825397
365,365,33.90113378684807,33.90113378684807
366,366,33.99401360544218,33.99401360544218
367,367,34.08689342403628,34.08689342403628
368,368,34.17977324263038,34.17977324263038
369,369,34.27265306122449,34.27265306122449
370,370,34.365532879818595,34.365532879818595
371,371,34.4584126984127,34.4584126984127
372,372,34.5512925170068,34.5512925170068
373,373,34.644172335600906,34.644172335600906
374,374,34.73705215419501,34.73705215419501
375,375,34.82993197278912,34.82993197278912
376,376,34.92281179138322,34.92281179138322
377,377,35.015691609977324,35.015691609977324
378,378,35.10857142857143,35.10857142857143
379,379,35.20145124716553,35.20145124716553
380,380,35.294331065759636,35.294331065759636
381,381,35.38721088435374,35.38721088435374
382,382,35.48009070294785,35.48009070294785
383,383,35.57297052154195,35.57297052154195
383,384,35.57297052154195,35.66585034013605
384,385,35.66585034013605,35.75873015873016
385,385,35.75873015873016,35.75873015873016
386,386,35.851609977324266,35.851609977324266
387,387,35.944489795918365,35.944489795918365
388,388,36.03736961451247,36.03736961451247
389,389,36.13024943310658,36.13024943310658
390,390,36.22312925170068,36.22312925170068
391,391,36.31600907029478,36.31600907029478
392,392,36.40888888888889,36.40888888888889
393,393,36.501768707482995,36.501768707482995
394,394,36.594648526077094,36.594648526077094
395,395,36.6875283446712,36.6875283446712
396,396,36.78040816326531,36.78040816326531
397,397,36.87328798185941,36.87328798185941
398,398,36.96616780045351,36.96616780045351
399,399,37.05904761904762,37.05904761904762
400,400,37.151927437641724,37.151927437641724
401,401,37.24480725623583,37.24480725623583
402,402,37.33768707482993,37.33768707482993
403,403,37.430566893424036,37.430566893424036
404,404,37.52344671201814,37.52344671201814
405,405,37.61632653061225,37.61632653061225
406,406,37.70920634920635,37.70920634920635
407,407,37.802086167800454,37.802086167800454
408,408,37.89496598639456,37.89496598639456
409,409,37.98784580498866,37.98784580498866
410,410,38.080725623582765,38.080725623582765
411,411,38.17360544217687,38.17360544217687
412,412,38.26648526077098,38.26648526077098
413,413,38.35936507936508,38.35936507936508
414,414,38.45224489795918,38.45224489795918
415,415,38.54512471655329,38.54512471655329
416,416,38.638004535147395,38.638004535147395
417,417,38.730884353741494,38.730884353741494
418,418,38.8237641723356,38.8237641723356
419,419,38.91664399092971,38.91664399092971
420,419,39.00952380952381,38.91664399092971
421,420,39.10240362811791,39.00952380952381
421,421,39.10240362811791,39.10240362811791
422,422,39.19528344671202,39.19528344671202
423,423,39.288163265306125,39.288163265306125
424,424,39.381043083900224,39.381043083900224
425,425,39.47392290249433,39.47392290249433
426,426,39.566802721088436,39.566802721088436
427,427,39.65968253968254,39.65968253968254
428,428,39.75256235827664,39.75256235827664
429,429,39.84544217687075,39.84544217687075
430,430,39.938321995464854,39.938321995464854
431,431,40.03120181405896,40.03120181405896
432,432,40.12408163265306,40.12408163265306
433,433,40.216961451247165,40.216961451247165
434,434,40.30984126984127,40.30984126984127
435,435,40.40272108843537,40.40272108843537
435,436,40.40272108843537,40.49560090702948
436,437,40.49560090702948,40.58848072562358
437,437,40.58848072562358,40.58848072562358
438,438,40.68136054421769,40.68136054421769
439,439,40.77424036281179,40.77424036281179
440,440,40.867120181405895,40.867120181405895
440,441,40.867120181405895,40.96
441,442,40.96,41.05287981859411
442,442,41.05287981859411,41.05287981859411
