start_time_s,end_time_s,pitch_midi,velocity,pitch_bend
36.14174965986394,36.31589931972789,59,53,4,2,1,0,0,0,0,0,0,2,2,2,3,2,1
35.897940136054416,36.04886984126984,54,71,3,1,1,1,1,1,1,1,1,1,2,1,1
35.50191700680272,35.68767664399093,47,61,1,0,0,0,0,-1,-1,0,1,1,1,1,1,1,1,1
33.98100997732426,34.12032970521542,60,70,1,1,1,1,1,1,1,1,1,1,1,1
32.899998185941044,33.062537868480725,56,42,-2,-2,-2,-2,-1,-1,0,1,1,1,1,1,1,-1
31.493907029478457,31.668056689342404,46,64,2,2,2,1,1,1,1,1,1,1,1,1,1,1,1
29.693076643990928,29.880120181405896,57,38,3,3,2,2,2,2,1,3,3,3,3,3,3,3,3,3,1
29.43765714285714,29.693076643990928,58,40,0,1,1,1,1,1,1,1,1,1,1,2,2,2,2,2,1,0,0,0,1,1
27.288527437641722,27.42784716553288,46,63,1,1,1,1,1,1,1,2,2,2,2,2
26.04625986394558,26.185579591836735,56,76,2,2,2,2,2,2,2,2,-1,-1,-1,-1
24.558898866213152,24.698218594104308,54,67,1,0,0,0,0,1,1,1,1,1,1,1
23.89713015873016,24.09449977324263,57,36,1,1,2,2,3,3,2,2,2,2,2,2,2,1,1,-1,-1
20.829528344671203,21.08494784580499,46,38,4,4,1,0,0,0,4,0,0,0,0,3,0,0,0,0,0,1,1,1,1,0
19.284117460317457,19.458267120181404,52,50,3,2,2,2,2,2,2,2,2,2,2,2,2,2,2
18.146339682539683,18.355319274376416,57,42,0,0,0,1,0,0,0,0,0,0,0,3,3,3,2,0,0,-2
17.030497959183673,17.25108752834467,59,32,3,3,-2,-2,-2,-2,-2,-2,-2,-2,-2,-2,-1,1,1,1,2,1,1
16.41516916099773,16.60092879818594,48,55,5,2,2,0,0,0,0,1,1,1,1,1,1,1,0,0
15.496697052154195,15.694066666666666,57,44,1,1,1,0,0,-1,-1,-1,1,1,1,1,1,1,1,1,1
14.625948752834466,14.776878458049886,53,42,0,1,1,1,1,1,0,-1,-2,-2,-2,-2,-2
12.012419954648527,12.186569614512472,49,47,1,1,1,0,-1,-1,-1,0,1,1,1,1,0,0,0
11.140387755102042,11.44224716553288,58,65,1,1,1,1,1,1,2,2,2,2,1,0,1,1,1,1,1,1,2,2,2,2,2,2,1,1
8.991258049886621,9.153797732426304,54,38,-1,0,0,0,0,-1,-1,-1,0,0,1,1,0,0
6.331289342403628,6.470609070294785,53,49,2,2,2,2,2,2,2,2,2,2,2,1
5.56374693877551,5.726286621315192,60,75,1,1,1,1,1,1,1,1,-1,-1,-1,-1,-1,-1
3.321737414965986,3.461057142857143,53,74,2,2,2,2,2,2,1,1,1,1,1,1
3.1708077097505667,3.321737414965986,53,37,-1,-1,-1,-1,-1,-1,-1,-1,3,3,3,3,3
2.4625990929705215,2.6019188208616777,54,59,3,1,0,0,0,1,1,1,1,0,0,0
0.8126984126984127,0.9636281179138322,60,73,0,0,0,0,1,1,1,1,1,1,1,1,-1
0.5804988662131519,0.7778684807256235,56,37,4,4,4,1,0,-3,-5,-5,-5,-4,-1,-1,1,1,1,1,1
