stem,start_seconds,end_seconds,mfcc_1_mean,mfcc_1_std,mfcc_2_mean,mfcc_2_std,mfcc_3_mean,mfcc_3_std,mfcc_4_mean,mfcc_4_std,mfcc_5_mean,mfcc_5_std,mfcc_6_mean,mfcc_6_std,mfcc_7_mean,mfcc_7_std,mfcc_8_mean,mfcc_8_std,mfcc_9_mean,mfcc_9_std,mfcc_10_mean,mfcc_10_std,mfcc_11_mean,mfcc_11_std,mfcc_12_mean,mfcc_12_std,mfcc_13_mean,mfcc_13_std,chroma_0,chroma_1,chroma_2,chroma_3,chroma_4,chroma_5,chroma_6,chroma_7,chroma_8,chroma_9,chroma_10,chroma_11,rms_mean,rms_std,spectral_centroid_mean,spectral_centroid_std,spectral_bandwidth_mean,spectral_bandwidth_std,spectral_rolloff_mean,spectral_rolloff_std,zero_crossing_rate_mean,zero_crossing_rate_std,spectral_contrast_0_mean,spectral_contrast_0_std,spectral_contrast_1_mean,spectral_contrast_1_std,spectral_contrast_2_mean,spectral_contrast_2_std,spectral_contrast_3_mean,spectral_contrast_3_std,spectral_contrast_4_mean,spectral_contrast_4_std,spectral_contrast_5_mean,spectral_contrast_5_std,spectral_contrast_6_mean,spectral_contrast_6_std
original_mix,0.0,5.0,-106.69190216064453,53.667335510253906,153.14004516601562,29.22495460510254,-25.539836883544922,17.16376304626465,68.43962860107422,13.627681732177734,-11.797597885131836,17.60820198059082,17.167959213256836,13.120186805725098,-2.3089077472686768,14.467460632324219,6.935428142547607,12.62525463104248,-2.452570915222168,11.370186805725098,2.6733806133270264,10.995838165283203,-7.757396697998047,8.547720909118652,1.7742059230804443,7.442028522491455,-3.9000234603881836,5.723476886749268,0.6231169700622559,0.5170705318450928,0.4900023341178894,0.4687439203262329,0.3741321861743927,0.30909034609794617,0.3461586534976959,0.4620361030101776,0.49993181228637695,0.5088667869567871,0.5734084844589233,0.5844392776489258,0.2158710606171471,0.08400203377286733,2619.2982187927296,1031.6972343035673,3051.5664552565877,745.1559880736652,5759.956972339037,2080.79139319403,0.053700741371809746,0.032406968540223735,14.518857498639463,5.006440204304745,10.791365343117842,3.763586511743513,13.400292955224181,3.563646508344183,15.049458759410593,3.4831054519320293,15.002008580201538,3.6038176388632746,15.812576593785572,2.3244188095879834,45.17875292654119,4.530432408117131
original_mix,2.5,7.5,-126.34648895263672,62.116973876953125,166.08384704589844,26.15564727783203,-17.91152000427246,18.440706253051758,61.65378189086914,10.613645553588867,-0.8842694759368896,18.6066951751709,10.800692558288574,11.23881721496582,-2.4113211631774902,13.96730899810791,5.757589817047119,11.378549575805664,-0.30435052514076233,12.06884479522705,0.3796980082988739,11.668479919433594,-7.233916759490967,8.433499336242676,2.4512875080108643,6.333395957946777,-4.988803863525391,5.110605239868164,0.4891279935836792,0.44854310154914856,0.49755731225013733,0.4658452272415161,0.30717048048973083,0.23545175790786743,0.2999311089515686,0.4442986249923706,0.5046888589859009,0.5210335850715637,0.5941022038459778,0.5382598638534546,0.22399242785856507,0.0849694422164787,2058.599099632144,994.0983395505813,2689.2932875858373,842.0227895726279,4465.316850348027,2186.3171453410473,0.03722039950696056,0.023704310809356192,13.910925360204716,4.858582867367082,11.542001112129595,3.6676086815724824,14.579555032923773,3.607895734682773,15.367080237174523,3.479828168807822,14.394865000316353,3.1355455051490884,16.58755021018557,3.03372447629507,42.95647030660464,4.486446618785967
original_mix,5.0,10.0,-116.94486999511719,62.44985580444336,168.1825714111328,24.915464401245117,-23.2928466796875,20.1080265045166,57.44448471069336,7.669558525085449,-1.5573172569274902,16.776174545288086,16.222797393798828,12.751383781433105,-5.874273777008057,13.728307723999023,1.7990559339523315,12.508563041687012,3.343177318572998,13.587108612060547,1.0817127227783203,11.95290756225586,-7.677359580993652,8.081058502197266,2.235152244567871,6.433497905731201,-5.0718488693237305,5.756504058837891,0.47958603501319885,0.4502905607223511,0.5259331464767456,0.4521509110927582,0.3095000386238098,0.2549573481082916,0.32974037528038025,0.43066176772117615,0.4890384078025818,0.514944314956665,0.5773093700408936,0.5206181406974792,0.23157906753557742,0.08092112265564057,2073.448686106211,934.5150314599774,2669.52193858296,784.4351873470591,4386.278503842807,2085.715674784329,0.0407290005075406,0.02387142671264252,13.806746181052244,5.155557186921924,11.284406237187131,3.635434076304355,14.640472726023473,3.490274061166824,15.641381951094846,3.791931172662718,15.533917140886272,3.453208643180125,16.954086073889165,3.3918645579642623,43.86054549593955,4.7634601985403435
original_mix,7.5,12.5,-110.06726837158203,57.45792770385742,162.28697204589844,23.405296325683594,-24.940467834472656,18.895784378051758,59.16410827636719,9.26708698272705,-1.713221549987793,16.441360473632812,22.33416175842285,11.140474319458008,-11.284770965576172,13.277228355407715,0.8544546365737915,11.905257225036621,0.28528428077697754,14.468968391418457,1.6331206560134888,11.46517562866211,-7.423152923583984,8.031484603881836,0.43453627824783325,7.461701393127441,-3.9980106353759766,6.616558074951172,0.6039003729820251,0.5061177611351013,0.512604832649231,0.43482473492622375,0.30114540457725525,0.2319192886352539,0.2637023627758026,0.331626832485199,0.354770302772522,0.41710364818573,0.5438128113746643,0.5692051649093628,0.2395078927071078,0.07868746034905807,2215.720835938646,882.3627736674989,2842.1817897418637,741.9131961012555,4775.624796077436,2054.3089763178045,0.042091882975638054,0.023933514173761064,14.346152229046245,4.757509459214928,11.940945358698809,3.948951341791566,14.793840773205007,3.549574503471875,16.07191326865884,3.8713447332630757,16.24640583919234,3.348072583658637,16.882042761765195,2.8313741758841298,44.368836881589964,4.897561127429376
original_mix,10.0,15.0,-102.08136749267578,53.580711364746094,147.81137084960938,22.49949073791504,-19.672395706176758,17.24965476989746,62.424163818359375,10.506556510925293,-5.773273944854736,16.286182403564453,27.50745391845703,11.424604415893555,-13.828268051147461,11.860142707824707,6.379002571105957,10.918785095214844,-4.740542888641357,13.6298189163208,4.243946075439453,10.545022010803223,-7.589672088623047,8.523365020751953,1.2191898822784424,8.1278657913208,-2.633127450942993,7.133236408233643,0.4688291549682617,0.45925530791282654,0.5032930374145508,0.40974465012550354,0.3052859604358673,0.26707735657691956,0.2947898209095001,0.3674047589302063,0.44869866967201233,0.5309743285179138,0.6351439356803894,0.5211414694786072,0.2380490293358982,0.08250331066939132,2587.4701738799054,901.6525528012455,3255.7712551347227,731.40074342107,5933.971233323666,2156.0138873363817,0.04609442974187935,0.025306384180107146,15.118981713087933,4.677614551076381,12.215126839516778,3.782039402250759,14.827250317958775,3.345683254397,15.920265581142257,3.782464859734244,15.79772547609642,3.33120130050431,16.621198115461358,2.620565810785242,45.21493704103116,4.040576053555304
original_mix,12.5,16.953378684807255,-91.6893081665039,56.32945251464844,133.9530029296875,23.837106704711914,-21.04924964904785,15.633821487426758,65.69337463378906,14.692787170410156,-15.432456970214844,12.311429023742676,31.556142807006836,11.479700088500977,-12.157188415527344,11.358985900878906,10.537407875061035,10.116479873657227,-7.158322811126709,13.138113975524902,5.171189785003662,9.167102813720703,-10.544991493225098,8.804407119750977,2.5333540439605713,7.458811283111572,-2.7115566730499268,6.404531478881836,0.4673645496368408,0.48233047127723694,0.5208495259284973,0.41556015610694885,0.32459405064582825,0.2932887077331543,0.2911088168621063,0.3577653467655182,0.47003278136253357,0.5749759078025818,0.6712551116943359,0.5247786641120911,0.22088564671912536,0.08647838497650337,3162.6817429482544,918.2159637876703,3620.837551052696,530.0373600882249,7204.426574707031,1651.9425304701545,0.06348800659179688,0.035047670653880744,14.891965314568937,5.369236220151257,11.72230972109422,3.755677199381127,14.69234641876546,3.326651598624592,15.279850725873047,3.797693693583254,15.41904673258414,3.184617767203548,15.926667374229742,2.4335339124987896,46.685719167788854,3.935946799557093
original_mix,15.0,16.953378684807255,-95.03302764892578,70.95620727539062,127.8309555053711,28.069658279418945,-20.49519157409668,13.454974174499512,67.77458953857422,19.157119750976562,-20.632535934448242,11.804224014282227,30.903291702270508,11.20504379272461,-10.114919662475586,9.919590950012207,12.419289588928223,9.838504791259766,-9.916261672973633,9.67799186706543,3.7730348110198975,7.336414337158203,-12.880281448364258,9.166316986083984,3.7282090187072754,6.537145614624023,-2.5508358478546143,4.657569885253906,0.6114669442176819,0.5499981045722961,0.527782142162323,0.393831342458725,0.2971857786178589,0.27065497636795044,0.25702112913131714,0.30212369561195374,0.36746007204055786,0.5049969553947449,0.6320732235908508,0.6094174981117249,0.20123705298112177,0.08351286292524034,3465.0988092530347,1073.7220890810086,3705.4863900284713,502.2782339816536,7542.991863905326,1814.3603722455582,0.07495261649408284,0.04173189102405261,13.901609181819017,5.028802238001763,11.379681568143889,3.802572900322363,14.319175681657333,3.5823027520422954,14.684243354207263,3.4395628202533066,14.968757762967158,2.540666673869368,15.203411978050287,1.8685473117147906,46.60694336619387,5.0459237584682075
vocals,0.0,5.0,-390.76080322265625,111.05289459228516,106.66281127929688,56.002159118652344,5.475368976593018,39.52885437011719,18.588830947875977,29.196273803710938,-16.214630126953125,17.241172790527344,-3.8883211612701416,12.857280731201172,-1.2687060832977295,15.248385429382324,0.382244348526001,13.050117492675781,-6.610875129699707,17.132532119750977,-8.13635540008545,14.299528121948242,-9.622942924499512,14.94597339630127,2.043138027191162,11.38226318359375,-13.08719253540039,10.41273021697998,0.2465989887714386,0.20654651522636414,0.2593070864677429,0.2995513081550598,0.3213607966899872,0.3321501314640045,0.3918983042240143,0.502741813659668,0.5217742323875427,0.5519028306007385,0.5487083792686462,0.4381381571292877,0.034000939341681184,0.045623721179690165,3513.6765041982517,1793.319291567068,4059.287626303635,1379.3558801688932,7478.516418032193,3960.108091798147,0.07965895084106729,0.0681264431702553,17.79301578238381,5.816019328149107,11.391812162016729,4.851001362167987,16.335156455702872,4.87894218268315,16.655622361173,4.040486817188623,17.299624403510283,3.5339224801453955,18.372845064495344,3.0833216045202136,31.019546237952557,3.8018882069223876
vocals,2.5,7.5,-340.1936950683594,103.92403411865234,123.72648620605469,48.764625549316406,-3.1741526126861572,38.5163688659668,22.64543342590332,24.729028701782227,-10.49570369720459,15.552311897277832,-7.636284828186035,12.811663627624512,-9.253762245178223,16.065166473388672,1.9771896600723267,13.416643142700195,-5.140329360961914,17.69583511352539,-12.084811210632324,15.052098274230957,-15.778207778930664,13.209159851074219,-0.2261231392621994,9.877110481262207,-17.057035446166992,9.300284385681152,0.16294153034687042,0.14219772815704346,0.1751464158296585,0.19181202352046967,0.20950104296207428,0.21161217987537384,0.3191942572593689,0.4704784154891968,0.5485364198684692,0.5706512928009033,0.4558924436569214,0.30650854110717773,0.052589490161582035,0.053453395358184205,3046.602784972639,1763.2045991899972,3606.1800293412275,1327.9398301761248,6336.75704212587,4113.609658807014,0.06487003335266821,0.05680649790465268,16.078661144751806,5.071025441698911,13.077080417043174,5.3140031107191525,18.602540389513642,4.7085695417870275,17.72386326635251,4.418175084224258,16.67871187817809,3.4622294217524985,19.64121453096364,3.299331433829793,32.10155669715407,3.9955185833517506
vocals,5.0,10.0,-281.2164611816406,89.033203125,129.84776306152344,34.040924072265625,-37.15696716308594,43.272884368896484,17.96596908569336,18.888940811157227,-12.150272369384766,15.9764404296875,3.2705323696136475,19.159135818481445,-24.47138023376465,16.28143882751465,-8.321256637573242,17.218862533569336,8.01201057434082,13.827935218811035,-10.172638893127441,14.320211410522461,-16.04167938232422,11.444600105285645,1.07780122756958,10.02758502960205,-14.77149772644043,9.93546199798584,0.20617088675498962,0.1629772037267685,0.1300230324268341,0.1568804234266281,0.19802403450012207,0.22667942941188812,0.34528806805610657,0.43039190769195557,0.49862977862358093,0.5065035820007324,0.3953365087509155,0.2950940728187561,0.06877806733482303,0.05082035858029759,2853.0054087998246,1299.3200778874316,3147.910246242522,1017.6491313786133,5825.05619199536,3081.881692637585,0.06775440472737819,0.04374127112938287,15.295075878431792,4.538118208003646,12.578857326361232,4.749475143549198,20.02928667831869,5.444365340592223,19.761098341490193,5.031586291262349,18.02487801416027,4.316555940013387,20.90565895874409,3.8619294693765696,34.370540766760286,5.045992945142201
vocals,7.5,12.5,-252.74891662597656,66.87672424316406,123.65336608886719,24.184091567993164,-57.4045295715332,31.76777458190918,15.748577117919922,23.211580276489258,-13.093221664428711,16.526412963867188,13.496508598327637,16.867053985595703,-33.01270294189453,16.94019317626953,-13.51474380493164,15.396888732910156,7.67435884475708,16.030731201171875,-6.938955783843994,15.20723819732666,-12.201576232910156,11.150286674499512,1.8723609447479248,11.881514549255371,-9.230228424072266,11.168450355529785,0.2992028594017029,0.2419789731502533,0.21018613874912262,0.20981359481811523,0.2754990756511688,0.33700844645500183,0.3631133735179901,0.3174217641353607,0.36051300168037415,0.44261434674263,0.4633355140686035,0.43444201350212097,0.06544367693420802,0.04271887118384462,3060.7452942204573,1014.7143285416311,3073.033756146545,670.1789823671302,5957.702721686485,2249.617908377034,0.08563048325116009,0.04831244950362092,14.288016977240865,4.748102595964315,10.994724895919148,4.066102411387571,18.298330264655384,5.728009147464209,19.576786393795157,5.418861583653027,19.082013308611295,4.023676202694427,21.130328301965633,4.314261017787454,35.28296277608987,5.182575590176328
vocals,10.0,15.0,-227.32638549804688,71.575927734375,111.95491027832031,29.767833709716797,-49.64126968383789,31.736644744873047,27.635364532470703,25.880401611328125,-22.7609920501709,17.932907104492188,23.449504852294922,17.739967346191406,-33.23042678833008,18.025039672851562,-4.936150074005127,13.826167106628418,-6.006618499755859,18.871774673461914,0.026642199605703354,16.94797134399414,-17.08045196533203,13.499074935913086,3.5265746116638184,12.534699440002441,-6.407607555389404,10.77847957611084,0.2744113802909851,0.2678317129611969,0.2545137107372284,0.23690402507781982,0.30479729175567627,0.3619505763053894,0.35941416025161743,0.2933676838874817,0.3626100718975067,0.45427754521369934,0.5287068486213684,0.4709968864917755,0.06594430057336241,0.03780046021079875,3859.4961646052398,1330.7890363014528,3639.7624885081577,840.298218990825,7820.149928400522,3071.4570175883086,0.10494648165603249,0.05856122623739956,11.97558585806377,4.49803455786816,10.762387874831855,3.946759081092185,17.078148381291246,4.975510181236322,18.618070112197458,5.296283237252565,18.05562021939629,3.765690575493904,19.568501381430792,3.7509862607848117,36.69052685444305,4.71073233701009
vocals,12.5,16.953378684807255,-210.287353515625,57.856964111328125,93.8531265258789,33.58561325073242,-41.36568832397461,28.799518585205078,40.32639694213867,24.998912811279297,-33.64241027832031,13.402867317199707,32.41302490234375,15.097956657409668,-28.6486873626709,15.442956924438477,0.9071364402770996,11.658280372619629,-12.2865571975708,16.24622344970703,5.999051570892334,13.231071472167969,-27.280019760131836,15.121193885803223,7.5812907218933105,11.9479341506958,-5.79367208480835,9.349882125854492,0.29105833172798157,0.2819787263870239,0.2327181100845337,0.20868201553821564,0.30346882343292236,0.3575585186481476,0.3389768600463867,0.3172124922275543,0.4168831408023834,0.5379873514175415,0.6146902441978455,0.4749394953250885,0.06382763240465768,0.03648462516216033,4847.150502418336,1239.8778372320423,4119.925901252782,728.687193705967,9821.88835144043,2206.653433908893,0.1423924763997396,0.076152140716582,11.734307786049811,4.754463090030705,11.813511833963773,4.240685530545991,17.37123245322401,4.7449518326530296,17.96431397468716,5.060355084092276,17.209031415190164,3.7988197920108933,18.683110046699436,2.6316383672876777,38.648308699337456,4.027074228414799
vocals,15.0,16.953378684807255,-236.23550415039062,67.42572784423828,87.7238998413086,40.346038818359375,-31.85530662536621,20.066957473754883,40.574214935302734,32.172733306884766,-34.2941780090332,13.69469165802002,31.26519203186035,13.894826889038086,-21.918272018432617,9.379011154174805,2.547417163848877,10.583621978759766,-10.986923217773438,13.48867416381836,5.895519256591797,9.331745147705078,-31.474592208862305,16.906713485717773,12.433479309082031,9.49609661102295,-4.485716819763184,7.811622619628906,0.32279232144355774,0.27033498883247375,0.2024964839220047,0.22406041622161865,0.355834424495697,0.40621450543403625,0.34959444403648376,0.39435067772865295,0.5506537556648254,0.6663888096809387,0.6386927962303162,0.42115387320518494,0.045454688916484326,0.02854449198129807,5204.474389846173,1461.8890940257106,4153.648649947172,757.4177002097767,9841.05607433432,2315.5770057134555,0.1701559032914201,0.09288627861110678,11.642176473980792,4.0409538145016395,11.635435865531477,4.256475947458405,16.411548945387388,3.8932459323039303,16.65678509139713,4.470618009783501,16.908921908315758,2.8165849225915984,18.18850455021447,2.3391055582077405,38.24705596780024,4.604956487552343
no_vocals,0.0,5.0,-126.8180160522461,60.91484451293945,151.5791473388672,29.50504493713379,-22.393634796142578,18.922264099121094,70.69511413574219,14.018454551696777,-8.043180465698242,20.362863540649414,17.366546630859375,13.920397758483887,-0.7260961532592773,14.230144500732422,3.816755771636963,13.978704452514648,-1.418394684791565,9.912787437438965,3.566511392593384,8.387652397155762,-5.383437633514404,7.431702613830566,1.0390936136245728,7.1940789222717285,-2.8489255905151367,5.896259784698486,0.6720367074012756,0.5521484613418579,0.5198152661323547,0.4851115345954895,0.3781149089336395,0.30419671535491943,0.33147895336151123,0.42807793617248535,0.4392365515232086,0.4424481689929962,0.5346181392669678,0.5932635068893433,0.19556695138149638,0.08379715671337894,2588.3440025977275,1131.9890937282505,3110.042880470365,691.4851568437907,5639.900621737239,2294.080502953771,0.05371660201566125,0.037686329665029335,12.54635770609304,4.635608823291052,11.248753844243057,3.86209732067879,13.547846627803589,3.6151712610517137,15.13005859147469,3.6230277433413214,14.808427729987388,3.30223688509315,15.734362984145344,2.1944947015281584,32.34594399789146,3.3686925787427073
no_vocals,2.5,7.5,-159.9220428466797,72.38235473632812,164.4773712158203,25.30898094177246,-9.857827186584473,23.274307250976562,62.340171813964844,11.09969711303711,6.600607395172119,23.311880111694336,11.072182655334473,12.444673538208008,0.6030946969985962,13.276905059814453,3.03316593170166,10.92527961730957,-1.8861885070800781,8.491178512573242,2.5114924907684326,7.414729118347168,-4.26262092590332,6.716658115386963,0.9534487128257751,5.978405952453613,-2.0692925453186035,5.836134433746338,0.5387846827507019,0.4933243691921234,0.5620468258857727,0.4856172204017639,0.31656259298324585,0.23604047298431396,0.2718324661254883,0.38152819871902466,0.43163207173347473,0.46487563848495483,0.5867273211479187,0.55722975730896,0.19453677256740717,0.08416784194750877,1923.7304849501727,1123.2991982682179,2701.028769446766,763.8201960152895,3984.3420325188513,2543.769978067349,0.035050890008700694,0.030820590755643064,12.460597048625276,4.372939834084727,12.201158387944297,3.874191850461037,14.831591101236018,3.63291041197026,15.374975016202002,3.5042335507724394,13.822826295026806,2.650923683214257,15.692961139277106,2.1476663737414556,29.980290656921557,3.6611462278693834
no_vocals,5.0,10.0,-169.4317169189453,77.28206634521484,168.57138061523438,26.68512725830078,-3.0053350925445557,25.2044620513916,58.31848907470703,9.778511047363281,7.085862636566162,22.422590255737305,9.774762153625488,12.606694221496582,5.614872455596924,15.44115924835205,2.8890888690948486,10.021471977233887,-6.067380905151367,8.355744361877441,3.002441644668579,7.288547039031982,-4.161243915557861,6.612839221954346,-0.7729408740997314,6.923247337341309,-1.7417004108428955,5.795713901519775,0.5047366619110107,0.4872402548789978,0.5846793055534363,0.47865545749664307,0.30906549096107483,0.22836823761463165,0.2565317749977112,0.34105387330055237,0.3924441337585449,0.4471801519393921,0.571494460105896,0.5331445932388306,0.2000068868499621,0.08040154142826672,1804.6969249711592,1151.0813168642294,2717.1662317771807,867.5883614556689,3469.3937155597446,2698.1674044592096,0.03472574680974478,0.029149633213408823,12.567822456265445,4.022232268182767,12.156862313257763,3.824724687973864,15.089308462261721,3.6372037742712857,15.004708916993858,3.4772663094309144,14.281032193752262,2.6418900341682834,15.497971330126248,2.1601329356293753,29.348385892142577,4.094844304881219
no_vocals,7.5,12.5,-173.65907287597656,78.35591125488281,165.21646118164062,27.81377410888672,3.6221914291381836,25.870269775390625,63.73311233520508,12.180179595947266,4.3692121505737305,19.9731502532959,8.899372100830078,13.071626663208008,6.043942928314209,15.580338478088379,3.3118274211883545,10.308584213256836,-9.34508991241455,7.807668685913086,1.1928648948669434,8.14559555053711,-5.665245056152344,7.379054546356201,-2.8922553062438965,6.972432613372803,-2.8939590454101562,5.8413543701171875,0.6077945828437805,0.5222431421279907,0.5472002625465393,0.4138528108596802,0.25636738538742065,0.188513845205307,0.23840488493442535,0.30524155497550964,0.2936282455921173,0.35509514808654785,0.49213340878486633,0.5705258846282959,0.21318152616029548,0.08029146730254479,1812.0466089772228,1159.3802472910354,2799.3550033931924,875.9409531835291,3478.5365837079466,2802.1371981789744,0.033213321128190254,0.028157986805452652,13.007840257749104,4.317155457673525,12.679831619355268,4.0399221835822186,15.924832002685273,3.7197240318104328,15.415069186021697,3.6068583218166514,14.396642206244202,2.712398626276534,15.232212897110081,1.8757532237987786,29.108854105950783,4.1608072885629745
no_vocals,10.0,15.0,-180.3471221923828,78.1949462890625,159.83523559570312,24.1868839263916,5.821412086486816,27.879901885986328,68.20661926269531,11.151463508605957,4.110976219177246,21.925180435180664,10.292882919311523,12.264256477355957,4.899245262145996,13.549908638000488,4.56790828704834,9.324009895324707,-6.805971622467041,8.409601211547852,-1.1264842748641968,8.168038368225098,-1.5092711448669434,8.982626914978027,-3.050693988800049,6.431695938110352,-2.6350364685058594,6.59354829788208,0.47407838702201843,0.4674721658229828,0.5458298325538635,0.42719441652297974,0.28179436922073364,0.22664926946163177,0.2679382264614105,0.35383400321006775,0.4143136441707611,0.4681868553161621,0.5561553239822388,0.4970109760761261,0.2088625273232947,0.08691270900695235,1793.725350582613,1120.1927570318835,2732.204666249922,743.1730124535893,3530.9956632468097,2774.412431459167,0.02949513304814385,0.026402702588338336,13.344906951704761,4.206600936266059,13.239260695899638,4.190502140795528,16.204906235929098,4.0928890259305355,15.37036077072445,3.7100064799632393,13.981432181138047,2.4046264257108523,15.93107748454282,2.270214145574862,28.792941780277296,3.594045334318642
no_vocals,12.5,16.953378684807255,-167.06854248046875,77.7001953125,153.5799560546875,30.269472122192383,-6.5942511558532715,27.219858169555664,68.65131378173828,18.524320602416992,-1.6599332094192505,21.632963180541992,15.073596000671387,14.554926872253418,3.271390199661255,13.601241111755371,6.892124652862549,8.638937950134277,-4.928298473358154,8.04847240447998,-2.839519739151001,6.795193195343018,1.3728152513504028,7.647907733917236,-4.675899028778076,5.693471431732178,-1.3156474828720093,6.7932634353637695,0.4727197587490082,0.4842582643032074,0.5678992867469788,0.4622243344783783,0.31180256605148315,0.25034305453300476,0.25649523735046387,0.3297826945781708,0.4187583923339844,0.4916922152042389,0.5960124135017395,0.5073066353797913,0.18886889394343598,0.08664106764762408,2193.614976368209,1256.4891185381155,2945.261698453364,758.9724768791956,4553.711700439453,2891.952516083022,0.04119873046875,0.03502744461520945,12.58743357298116,3.8216358309936993,12.663987596935145,3.9938203660745213,15.40364590505546,3.750964213736323,14.584953888307629,3.3294227877109392,14.533853867212917,2.89088714681894,16.243485014874967,2.3244827441461435,29.315914510267834,3.7471864836982016
no_vocals,15.0,16.953378684807255,-146.20211791992188,78.5527572631836,143.53358459472656,35.553810119628906,-16.412904739379883,22.305036544799805,70.22501373291016,25.526615142822266,-8.628303527832031,16.88863182067871,20.44680404663086,16.471588134765625,-2.840965509414673,12.396485328674316,10.133391380310059,8.747513771057129,-6.379879951477051,7.248439788818359,-3.193472146987915,5.758594036102295,-1.4008070230484009,8.079279899597168,-5.513706207275391,5.792896747589111,-0.107124462723732,5.9111714363098145,0.6367218494415283,0.5694199204444885,0.5680496692657471,0.4678449332714081,0.2950587868690491,0.220913365483284,0.21268688142299652,0.26747772097587585,0.3024638295173645,0.38443702459335327,0.5610016584396362,0.5785989165306091,0.17440506462806823,0.07871307729099727,2744.819150693977,1292.5968120041282,3280.35825714297,825.6466538877697,5908.761903661242,2729.9951600026325,0.054525702662721894,0.03816515070604106,11.58852112228131,3.541389051979658,11.910214864924125,4.189859546307402,14.81385914722487,3.496785914160725,14.514654887810128,3.449295503393107,14.778960996233899,3.1119277692327287,16.078118866938745,2.1274105481486694,30.227756255219106,3.916708664365147
