beat_number,time_seconds,interval_from_previous_seconds,local_bpm
1,7.4071655328798185,,
2,7.987664399092971,0.5804988662131523,103.35937499999994
3,8.452063492063493,0.4643990929705222,129.19921874999983
4,9.032562358276644,0.5804988662131514,103.3593750000001
5,9.613061224489796,0.5804988662131514,103.3593750000001
6,10.077460317460318,0.4643990929705222,129.19921874999983
7,10.541859410430838,0.4643990929705204,129.1992187500003
8,11.052698412698414,0.5108390022675753,117.45383522727236
9,11.563537414965987,0.5108390022675735,117.45383522727278
10,12.051156462585034,0.48761904761904695,123.04687500000017
11,12.515555555555556,0.4643990929705222,129.19921874999983
12,13.003174603174603,0.48761904761904695,123.04687500000017
13,13.467573696145125,0.4643990929705222,129.19921874999983
14,13.955192743764172,0.48761904761904695,123.04687500000017
15,14.44281179138322,0.48761904761904695,123.04687500000017
16,14.930430839002268,0.48761904761904873,123.04687499999972
17,15.394829931972788,0.4643990929705204,129.1992187500003
18,15.882448979591837,0.48761904761904873,123.04687499999972
19,16.370068027210884,0.48761904761904695,123.04687500000017
20,16.92734693877551,0.5572789115646266,107.66601562499986
21,17.41496598639456,0.48761904761904873,123.04687499999972
22,17.925804988662133,0.5108390022675735,117.45383522727278
23,18.390204081632653,0.4643990929705204,129.1992187500003
24,18.92426303854875,0.5340589569160983,112.34714673913075
25,19.481541950113378,0.5572789115646266,107.66601562499986
26,19.99238095238095,0.5108390022675735,117.45383522727278
27,20.48,0.48761904761904873,123.04687499999972
28,20.990839002267574,0.5108390022675735,117.45383522727278
29,21.501678004535147,0.5108390022675735,117.45383522727278
30,21.89641723356009,0.3947392290249425,151.99908088235324
31,22.291156462585032,0.3947392290249425,151.99908088235324
32,22.755555555555556,0.46439909297052395,129.19921874999932
33,23.2431746031746,0.4876190476190452,123.04687500000061
34,23.73079365079365,0.48761904761904873,123.04687499999972
35,24.2184126984127,0.48761904761904873,123.04687499999972
36,24.636371882086166,0.4179591836734673,143.5546875000007
37,25.123990929705215,0.48761904761904873,123.04687499999972
38,25.588390022675735,0.4643990929705204,129.1992187500003
39,26.05278911564626,0.46439909297052395,129.19921874999932
40,26.51718820861678,0.4643990929705204,129.1992187500003
41,26.9815873015873,0.4643990929705204,129.1992187500003
42,27.39954648526077,0.41795918367347085,143.5546874999995
43,27.86394557823129,0.4643990929705204,129.1992187500003
44,28.374784580498865,0.5108390022675735,117.45383522727278
45,28.908843537414967,0.5340589569161018,112.34714673913
46,29.442902494331065,0.5340589569160983,112.34714673913075
47,29.930521541950114,0.48761904761904873,123.04687499999972
48,30.37170068027211,0.4411791383219956,135.9991776315789
49,30.83609977324263,0.4643990929705204,129.1992187500003
50,31.30049886621315,0.4643990929705204,129.1992187500003
51,31.7881179138322,0.48761904761904873,123.04687499999972
52,32.25251700680272,0.4643990929705204,129.1992187500003
53,32.74013605442177,0.48761904761904873,123.04687499999972
54,33.274195011337866,0.5340589569160983,112.34714673913075
55,33.8314739229025,0.5572789115646302,107.66601562499916
56,34.319092970521545,0.48761904761904873,123.04687499999972
57,34.853151927437644,0.5340589569160983,112.34714673913075
58,35.34077097505669,0.48761904761904873,123.04687499999972
59,35.851609977324266,0.5108390022675735,117.45383522727278
60,36.385668934240364,0.5340589569160983,112.34714673913075
61,36.89650793650794,0.5108390022675735,117.45383522727278
62,37.40734693877551,0.5108390022675735,117.45383522727278
63,37.89496598639456,0.48761904761904873,123.04687499999972
64,38.35936507936508,0.46439909297051685,129.1992187500013
65,38.87020408163265,0.5108390022675735,117.45383522727278
66,39.381043083900224,0.5108390022675735,117.45383522727278
67,39.8918820861678,0.5108390022675735,117.45383522727278
68,40.35628117913832,0.46439909297052395,129.19921874999932
69,40.820680272108845,0.46439909297052395,129.19921874999932
70,41.308299319727894,0.48761904761904873,123.04687499999972
71,41.77269841269841,0.46439909297051685,129.1992187500013
72,42.283537414965984,0.5108390022675735,117.45383522727278
73,42.74793650793651,0.46439909297052395,129.19921874999932
74,43.23555555555556,0.48761904761904873,123.04687499999972
75,43.74639455782313,0.5108390022675735,117.45383522727278
76,44.1643537414966,0.4179591836734673,143.5546875000007
77,44.651972789115646,0.48761904761904873,123.04687499999972
78,45.139591836734695,0.48761904761904873,123.04687499999972
79,45.627210884353744,0.48761904761904873,123.04687499999972
80,46.13804988662132,0.5108390022675735,117.45383522727278
81,46.625668934240366,0.48761904761904873,123.04687499999972
82,47.18294784580499,0.5572789115646231,107.66601562500054
83,47.71700680272109,0.5340589569160983,112.34714673913075
84,48.15818594104309,0.4411791383219992,135.9991776315778
85,48.59936507936508,0.44117913832199207,135.99917763157998
86,49.0637641723356,0.46439909297052395,129.19921874999932
87,49.52816326530612,0.46439909297051685,129.1992187500013
88,49.99256235827664,0.46439909297052395,129.19921874999932
89,50.48018140589569,0.48761904761904873,123.04687499999972
90,50.96780045351474,0.48761904761904873,123.04687499999972
91,51.50185941043084,0.5340589569160983,112.34714673913075
92,51.94303854875283,0.44117913832199207,135.99917763157998
