key,tonic,mode,profile_correlation
D#:min,D#,min,0.5714301424531201
D#:maj,D#,maj,0.30595054757993745
C#:maj,C#,maj,0.28751504628754165
F#:maj,F#,maj,0.250546763880866
B:maj,B,maj,0.1883585155759493
A#:maj,A#,maj,0.18260136412925984
A#:min,A#,min,0.17492794063059794
G#:maj,G#,maj,0.1514064914526937
F:min,F,min,0.12112818104882664
C#:min,C#,min,0.10876249170777112
G#:min,G#,min,0.05588484739688111
F#:min,F#,min,0.004137086646058158
G:min,G,min,-0.01679589637608006
E:maj,E,maj,-0.05131302835914744
E:min,E,min,-0.06516588683487641
D:min,D,min,-0.08117127705675792
C:min,C,min,-0.09121756257945789
A:maj,A,maj,-0.15520633693916194
F:maj,F,maj,-0.2093578138500799
D:maj,D,maj,-0.23812477343802443
B:min,B,min,-0.2864463473671664
C:maj,C,maj,-0.31741873468937315
G:maj,G,maj,-0.39495804163046094
A:min,A,min,-0.49547371966891646
