embedding_row,sample_id,account_id,title,part,source_path,start_seconds,end_seconds,actual_duration_seconds,padded_duration_seconds,model_id,sample_rate_hz,pooling
0,b7d18b3d6d45b17e,新华社,烈士纪念日向人民英雄敬献花篮仪式上，习近平迈步上前，仔细整理花篮缎带。#近镜头_7691150650452774179,original_mix,/home/ubuntu/music/results/master/新华社/烈士纪念日向人民英雄敬献花篮仪式上，习近平迈步上前，仔细整理花篮缎带。#近镜头_7691150650452774179/audio_original.wav,0.0,5.0,5.0,0.0,m-a-p/MERT-v1-95M,24000,last_hidden_state_mean_over_time
1,b7d18b3d6d45b17e,新华社,烈士纪念日向人民英雄敬献花篮仪式上，习近平迈步上前，仔细整理花篮缎带。#近镜头_7691150650452774179,original_mix,/home/ubuntu/music/results/master/新华社/烈士纪念日向人民英雄敬献花篮仪式上，习近平迈步上前，仔细整理花篮缎带。#近镜头_7691150650452774179/audio_original.wav,2.5,7.5,5.0,0.0,m-a-p/MERT-v1-95M,24000,last_hidden_state_mean_over_time
2,b7d18b3d6d45b17e,新华社,烈士纪念日向人民英雄敬献花篮仪式上，习近平迈步上前，仔细整理花篮缎带。#近镜头_7691150650452774179,original_mix,/home/ubuntu/music/results/master/新华社/烈士纪念日向人民英雄敬献花篮仪式上，习近平迈步上前，仔细整理花篮缎带。#近镜头_7691150650452774179/audio_original.wav,5.0,10.0,5.0,0.0,m-a-p/MERT-v1-95M,24000,last_hidden_state_mean_over_time
3,b7d18b3d6d45b17e,新华社,烈士纪念日向人民英雄敬献花篮仪式上，习近平迈步上前，仔细整理花篮缎带。#近镜头_7691150650452774179,original_mix,/home/ubuntu/music/results/master/新华社/烈士纪念日向人民英雄敬献花篮仪式上，习近平迈步上前，仔细整理花篮缎带。#近镜头_7691150650452774179/audio_original.wav,7.5,12.5,5.0,0.0,m-a-p/MERT-v1-95M,24000,last_hidden_state_mean_over_time
4,b7d18b3d6d45b17e,新华社,烈士纪念日向人民英雄敬献花篮仪式上，习近平迈步上前，仔细整理花篮缎带。#近镜头_7691150650452774179,vocals,/home/ubuntu/music/results/master/新华社/烈士纪念日向人民英雄敬献花篮仪式上，习近平迈步上前，仔细整理花篮缎带。#近镜头_7691150650452774179/demucs/htdemucs/audio_original/vocals.wav,0.0,5.0,5.0,0.0,m-a-p/MERT-v1-95M,24000,last_hidden_state_mean_over_time
5,b7d18b3d6d45b17e,新华社,烈士纪念日向人民英雄敬献花篮仪式上，习近平迈步上前，仔细整理花篮缎带。#近镜头_7691150650452774179,vocals,/home/ubuntu/music/results/master/新华社/烈士纪念日向人民英雄敬献花篮仪式上，习近平迈步上前，仔细整理花篮缎带。#近镜头_7691150650452774179/demucs/htdemucs/audio_original/vocals.wav,2.5,7.5,5.0,0.0,m-a-p/MERT-v1-95M,24000,last_hidden_state_mean_over_time
6,b7d18b3d6d45b17e,新华社,烈士纪念日向人民英雄敬献花篮仪式上，习近平迈步上前，仔细整理花篮缎带。#近镜头_7691150650452774179,vocals,/home/ubuntu/music/results/master/新华社/烈士纪念日向人民英雄敬献花篮仪式上，习近平迈步上前，仔细整理花篮缎带。#近镜头_7691150650452774179/demucs/htdemucs/audio_original/vocals.wav,5.0,10.0,5.0,0.0,m-a-p/MERT-v1-95M,24000,last_hidden_state_mean_over_time
7,b7d18b3d6d45b17e,新华社,烈士纪念日向人民英雄敬献花篮仪式上，习近平迈步上前，仔细整理花篮缎带。#近镜头_7691150650452774179,vocals,/home/ubuntu/music/results/master/新华社/烈士纪念日向人民英雄敬献花篮仪式上，习近平迈步上前，仔细整理花篮缎带。#近镜头_7691150650452774179/demucs/htdemucs/audio_original/vocals.wav,7.5,12.5,5.0,0.0,m-a-p/MERT-v1-95M,24000,last_hidden_state_mean_over_time
8,b7d18b3d6d45b17e,新华社,烈士纪念日向人民英雄敬献花篮仪式上，习近平迈步上前，仔细整理花篮缎带。#近镜头_7691150650452774179,no_vocals,/home/ubuntu/music/results/master/新华社/烈士纪念日向人民英雄敬献花篮仪式上，习近平迈步上前，仔细整理花篮缎带。#近镜头_7691150650452774179/demucs/htdemucs/audio_original/no_vocals.wav,0.0,5.0,5.0,0.0,m-a-p/MERT-v1-95M,24000,last_hidden_state_mean_over_time
9,b7d18b3d6d45b17e,新华社,烈士纪念日向人民英雄敬献花篮仪式上，习近平迈步上前，仔细整理花篮缎带。#近镜头_7691150650452774179,no_vocals,/home/ubuntu/music/results/master/新华社/烈士纪念日向人民英雄敬献花篮仪式上，习近平迈步上前，仔细整理花篮缎带。#近镜头_7691150650452774179/demucs/htdemucs/audio_original/no_vocals.wav,2.5,7.5,5.0,0.0,m-a-p/MERT-v1-95M,24000,last_hidden_state_mean_over_time
10,b7d18b3d6d45b17e,新华社,烈士纪念日向人民英雄敬献花篮仪式上，习近平迈步上前，仔细整理花篮缎带。#近镜头_7691150650452774179,no_vocals,/home/ubuntu/music/results/master/新华社/烈士纪念日向人民英雄敬献花篮仪式上，习近平迈步上前，仔细整理花篮缎带。#近镜头_7691150650452774179/demucs/htdemucs/audio_original/no_vocals.wav,5.0,10.0,5.0,0.0,m-a-p/MERT-v1-95M,24000,last_hidden_state_mean_over_time
11,b7d18b3d6d45b17e,新华社,烈士纪念日向人民英雄敬献花篮仪式上，习近平迈步上前，仔细整理花篮缎带。#近镜头_7691150650452774179,no_vocals,/home/ubuntu/music/results/master/新华社/烈士纪念日向人民英雄敬献花篮仪式上，习近平迈步上前，仔细整理花篮缎带。#近镜头_7691150650452774179/demucs/htdemucs/audio_original/no_vocals.wav,7.5,12.5,5.0,0.0,m-a-p/MERT-v1-95M,24000,last_hidden_state_mean_over_time
