model,target,evaluation_unit,metric,value,n
train_track_weighted_mean,valence,window,mae,0.2378894765446833,60
train_track_weighted_mean,valence,window,rmse,0.26614844082273614,60
train_track_weighted_mean,valence,window,pearson_r,,60
train_track_weighted_mean,valence,track_mean,mae,0.23788947654468334,10
train_track_weighted_mean,valence,track_mean,rmse,0.2655159891650914,10
train_track_weighted_mean,valence,track_mean,pearson_r,,10
librosa,valence,window,mae,0.16048490358906228,60
librosa,valence,window,rmse,0.20693510137599844,60
librosa,valence,window,pearson_r,0.604756360141205,60
librosa,valence,track_mean,mae,0.143642449510439,10
librosa,valence,track_mean,rmse,0.19268469375547212,10
librosa,valence,track_mean,pearson_r,0.7009946241307246,10
mert,valence,window,mae,0.16590743176288916,60
mert,valence,window,rmse,0.2192389387773392,60
mert,valence,window,pearson_r,0.6747288980645803,60
mert,valence,track_mean,mae,0.15214962313248004,10
mert,valence,track_mean,rmse,0.19981936700140218,10
mert,valence,track_mean,pearson_r,0.7856952548096269,10
train_track_weighted_mean,arousal,window,mae,0.3094585866883916,60
train_track_weighted_mean,arousal,window,rmse,0.34241217472446334,60
train_track_weighted_mean,arousal,window,pearson_r,,60
train_track_weighted_mean,arousal,track_mean,mae,0.3094585866883916,10
train_track_weighted_mean,arousal,track_mean,rmse,0.341419831929587,10
train_track_weighted_mean,arousal,track_mean,pearson_r,,10
librosa,arousal,window,mae,0.1939151565235803,60
librosa,arousal,window,rmse,0.2511353989843779,60
librosa,arousal,window,pearson_r,0.7096810091520567,60
librosa,arousal,track_mean,mae,0.18121947553645026,10
librosa,arousal,track_mean,rmse,0.2374906360955299,10
librosa,arousal,track_mean,pearson_r,0.756929616466176,10
mert,arousal,window,mae,0.207535891325645,60
mert,arousal,window,rmse,0.2427853172726665,60
mert,arousal,window,pearson_r,0.7311679746906061,60
mert,arousal,track_mean,mae,0.18898429295639868,10
mert,arousal,track_mean,rmse,0.2215962946629512,10
mert,arousal,track_mean,pearson_r,0.8233680391176723,10
